{
  "trade_id": [
    "trade id",
    "tradeid",
    "id:"
  ],
  "execution_key": [
    "execution key"
  ],
  "business_date": [
    "business date",
    "cob",
    "cob date"
  ],
  "trade_date": [
    "trade date"
  ],
  "settlement_date": [
    "settlement date",
    "value date",
    "settled on"
  ],
  "market_rate_datetime": [
    "market rate time",
    "rate timestamp",
    "market timestamp"
  ],
  "legal_entity": [
    "legal entity",
    "le"
  ],
  "counterparty_acronym": [
    "counterparty",
    "cp",
    "cpty"
  ],
  "book": [
    "book",
    "fxcashbook"
  ],
  "region_code": [
    "region"
  ],
  "timezone": [
    "time zone",
    "timezone"
  ],
  "source_system": [
    "source system"
  ],
  "originating_system": [
    "originating system"
  ],
  "pnl_amount": [
    "pnl",
    "profit",
    "p&l"
  ],
  "commission_amount": [
    "commission"
  ],
  "commission_ccy": [
    "commission ccy"
  ],
  "pnl_ccy": [
    "pnl ccy"
  ],
  "base_currency_cd": [
    "base currency",
    "base ccy"
  ],
  "orig_currency_cd": [
    "originating currency",
    "orig currency"
  ],
  "deviation_percent": [
    "deviation",
    "deviation percent"
  ],
  "base_threshold_percent": [
    "base threshold"
  ],
  "orig_threshold_percent": [
    "original threshold",
    "orig threshold"
  ],
  "record_type": [
    "record type"
  ],
  "trade_type": [
    "trade type"
  ],
  "alert_description": [
    "alert description",
    "alert",
    "reason"
  ],
  "hms_book_guid": [
    "hms book guid"
  ],
  "bui_value": [
    "bui value"
  ],
  "notional_range": [
    "notional range"
  ],
  "tenor": [
    "tenor"
  ]
}