{
  "base_currency_cd": {
    "values": [
      "USD",
      "EUR",
      "GBP",
      "JPY",
      "INR",
      "AUD",
      "CHF"
    ],
    "alias_map": {
      "us$": "USD",
      "euro": "EUR",
      "sterling": "GBP"
    }
  },
  "orig_currency_cd": {
    "values": [
      "USD",
      "EUR",
      "GBP",
      "JPY",
      "INR",
      "AUD",
      "CHF"
    ],
    "alias_map": {}
  },
  "region_code": {
    "values": [
      "APAC",
      "EMEA",
      "AMER"
    ],
    "alias_map": {
      "asia pacific": "APAC",
      "americas": "AMER"
    }
  },
  "timezone": {
    "values": [
      "GMT",
      "EST",
      "SGT",
      "CET",
      "IST"
    ],
    "alias_map": {
      "utc": "GMT"
    }
  }
}