{
  "legal_entity": {
    "values": [
      "HSBC",
      "HBSG",
      "JPMORGAN",
      "BARCLAYS",
      "CITI",
      "GS",
      "DB",
      "BNP",
      "MS",
      "CS"
    ],
    "alias_map": {
      "hbsg": "HSBC",
      "jp morgan": "JPMORGAN",
      "barclays plc": "BARCLAYS"
    }
  },
  "book": {
    "values": [
      "FXCASHBOOK1",
      "FXCASHBOOK2"
    ],
    "alias_map": {
      "fxcashb00k1": "FXCASHBOOK1"
    }
  },
  "market_rate_source": {
    "values": [
      "REUTERS",
      "BLOOMBERG"
    ],
    "alias_map": {
      "bbg": "BLOOMBERG"
    }
  }
}